{
  "project_info": {
    "project_number": "565645444781",
    "project_id": "skindisease-ed00e",
    "storage_bucket": "skindisease-ed00e.firebasestorage.app"
  },
  "client": [
    {
      "client_info": {
        "mobilesdk_app_id": "1:565645444781:android:daa068149715ebeb406824",
        "android_client_info": {
          "package_name": "com.example.skindisease"
        }
      },
      "oauth_client": [],
      "api_key": [
        {
          "current_key": "AIzaSyCwmzhyCV6zkdQsu4v5Gmebmf9xXrPdh1w"
        }
      ],
      "services": {
        "appinvite_service": {
          "other_platform_oauth_client": []
        }
      }
    }
  ],
  "configuration_version": "1"
}